path,name,seed,group,size,compressed_path,compressed_size,complexity,valence2
/home/jerre/git/Stable_Diffusion_IC/images/Pleasant/Pleasant_landscape_S235711138_St25_G7.5.148.png,pleasant_26,235711138,pleasant,422997,../images/Comprimida/7ee30b4cf4b742cfca18ebaade452b11e1a45ac402ef3bc28e8240877b8b2cb1.png,406084,0.52,8
/home/jerre/git/Stable_Diffusion_IC/images/Pleasant/Pleasant_landscape_S235711136_St25_G7.5.146.png,pleasant_24,235711136,pleasant,490273,../images/Comprimida/55454d0f57d30a5853b4462825a5701ab760d5883f2cba739191c3bfa62f583a.png,474245,0.6,8
/home/jerre/git/Stable_Diffusion_IC/images/Pleasant/Pleasant_landscape_S235711132_St25_G7.5.142.png,pleasant_20,235711132,pleasant,569439,../images/Comprimida/24c53f2ee78c84c14aad6caac8a5487f061bf4b47a1fcd78eb053e13c57e3c17.png,552196,0.7,7
/home/jerre/git/Stable_Diffusion_IC/images/Pleasant/Pleasant_landscape_S235711113_St25_G7.5.123.png,pleasant_1,235711113,pleasant,553613,../images/Comprimida/43d991a5a74354b7d4d0eb091dc496dde700512d9cc7dfb4c9c7c1a384f5e23d.png,536283,0.68,8
/home/jerre/git/Stable_Diffusion_IC/images/Pleasant/Pleasant_landscape_S235711122_St25_G7.5.132.png,pleasant_10,235711122,pleasant,460834,../images/Comprimida/de0749a1b5b4b4c4fbe40360ee9909aac116d06ade6b6bbca13be067632d039f.png,447861,0.57,8
/home/jerre/git/Stable_Diffusion_IC/images/Pleasant/Pleasant_landscape_S235711137_St25_G7.5.147.png,pleasant_25,235711137,pleasant,443314,../images/Comprimida/c164b4c82c8e4ba696d6c780f2f61d1c4285e2ff9bff67c08358f9231839acbe.png,424173,0.54,8
/home/jerre/git/Stable_Diffusion_IC/images/Pleasant/Pleasant_landscape_S235711114_St25_G7.5.124.png,pleasant_2,235711114,pleasant,453472,../images/Comprimida/d6d342defd609d95d58c01294d6ea10b69b746a008a4460ede7780d26be5daaa.png,435110,0.55,6
/home/jerre/git/Stable_Diffusion_IC/images/Pleasant/Pleasant_landscape_S235711124_St25_G7.5.134.png,pleasant_12,235711124,pleasant,465380,../images/Comprimida/4a715bf41a371b42ef2ec0d4e000e6df02c6e83a7f45157c97bccbe37ea1630a.png,447143,0.57,7
/home/jerre/git/Stable_Diffusion_IC/images/Pleasant/Pleasant_landscape_S235711133_St25_G7.5.143.png,pleasant_21,235711133,pleasant,591174,../images/Comprimida/0da1f21f4739196bcdd41f2a4813c729d31d1fbcc0ac565e8067515f627c0112.png,575005,0.73,3
/home/jerre/git/Stable_Diffusion_IC/images/Pleasant/Pleasant_landscape_S235711141_St25_G7.5.151.png,pleasant_29,235711141,pleasant,436248,../images/Comprimida/992429c150015541d0529e6022da03c38e15e1f62010e9e08ae636f80c44a83d.png,415933,0.53,5
/home/jerre/git/Stable_Diffusion_IC/images/Pleasant/Pleasant_landscape_S235711139_St25_G7.5.149.png,pleasant_27,235711139,pleasant,520417,../images/Comprimida/774dcebc915b77edbb809bfc2743f01a1cf1544ab52c10fd1ef0c6d727bdf59d.png,500635,0.64,7
/home/jerre/git/Stable_Diffusion_IC/images/Pleasant/Pleasant_landscape_S235711121_St25_G7.5.131.png,pleasant_9,235711121,pleasant,446291,../images/Comprimida/db9a32f6f1b0a956e8875f78eda67d14e71b127bfdad2d9ccc46221ea5e59de0.png,428407,0.54,4
/home/jerre/git/Stable_Diffusion_IC/images/Pleasant/Pleasant_landscape_S235711126_St25_G7.5.136.png,pleasant_14,235711126,pleasant,462677,../images/Comprimida/0ba24d4d45bbdbd4777b32e06918e2b5fc180087e775b7071b62286ee0d58e4a.png,443892,0.56,7
/home/jerre/git/Stable_Diffusion_IC/images/Pleasant/Pleasant_landscape_S235711142_St25_G7.5.152.png,pleasant_30,235711142,pleasant,450853,../images/Comprimida/1bd00bc0dff5c359787df602477d46d660205a9fa0d108cbb2f01abba449afbd.png,432069,0.55,8
/home/jerre/git/Stable_Diffusion_IC/images/Pleasant/Pleasant_landscape_S235711135_St25_G7.5.145.png,pleasant_23,235711135,pleasant,476211,../images/Comprimida/50cbecb128b7fdd1dea98a5a8a38053357427c30c714bbb1d1eaa1fd202b6694.png,462522,0.59,6
/home/jerre/git/Stable_Diffusion_IC/images/Pleasant/Pleasant_landscape_S235711125_St25_G7.5.135.png,pleasant_13,235711125,pleasant,503126,../images/Comprimida/5cdafa012a188fb6ef453c23dbb541528054619fbcb22f027ae482614f292fef.png,489019,0.62,7
/home/jerre/git/Stable_Diffusion_IC/images/Pleasant/Pleasant_landscape_S235711130_St25_G7.5.140.png,pleasant_18,235711130,pleasant,465955,../images/Comprimida/398ce3aa7861e485cd635a1bba29c3fc8d0a1144b6f530f7a8c99f6b2c23d573.png,450196,0.57,8
/home/jerre/git/Stable_Diffusion_IC/images/Pleasant/Pleasant_landscape_S235711119_St25_G7.5.129.png,pleasant_7,235711119,pleasant,542604,../images/Comprimida/2cfef9bc8f08684095fa141440741a2caad0839ecf9b9ee9b8ebe5998dc358aa.png,529638,0.67,7
/home/jerre/git/Stable_Diffusion_IC/images/Pleasant/Pleasant_landscape_S235711140_St25_G7.5.150.png,pleasant_28,235711140,pleasant,470396,../images/Comprimida/870b4e056816443d9072ef9bc42723aebe01468e307b2d6c7f16550795bf33c3.png,453353,0.58,8
/home/jerre/git/Stable_Diffusion_IC/images/Pleasant/Pleasant_landscape_S235711118_St25_G7.5.128.png,pleasant_6,235711118,pleasant,459049,../images/Comprimida/1d8e995025e1044517edbd76aa9d5140893afd617a675878d26f40166b9797ed.png,442205,0.56,6
/home/jerre/git/Stable_Diffusion_IC/images/Pleasant/Pleasant_landscape_S235711115_St25_G7.5.125.png,pleasant_3,235711115,pleasant,496011,../images/Comprimida/2f7dc7779086dd18af45530b054c3b66de98e5bb439bde8bcc5dad5d34b841f5.png,476573,0.61,4
/home/jerre/git/Stable_Diffusion_IC/images/Pleasant/Pleasant_landscape_S235711128_St25_G7.5.138.png,pleasant_16,235711128,pleasant,513432,../images/Comprimida/cf7a8d988a4e9bda0806de2ffeec52eaab59d19e2a3f045306c25cb1dc027a79.png,496532,0.63,8
/home/jerre/git/Stable_Diffusion_IC/images/Pleasant/Pleasant_landscape_S235711131_St25_G7.5.141.png,pleasant_19,235711131,pleasant,458665,../images/Comprimida/1243d128da022e8659395f090e1f8768758a14eaed68e066139148018df93de8.png,440003,0.56,5
/home/jerre/git/Stable_Diffusion_IC/images/Pleasant/Pleasant_landscape_S235711129_St25_G7.5.139.png,pleasant_17,235711129,pleasant,433780,../images/Comprimida/9913bfe4738bec680a0af6b0ceca32c12af10217b0459d9dcbcd56c38c07f480.png,418812,0.53,7
/home/jerre/git/Stable_Diffusion_IC/images/Pleasant/Pleasant_landscape_S235711127_St25_G7.5.137.png,pleasant_15,235711127,pleasant,441133,../images/Comprimida/4739f1b32d490718b1c0776fb038c47be1ef46c0b1c6f1955f67accec1b918a2.png,426558,0.54,5
/home/jerre/git/Stable_Diffusion_IC/images/Pleasant/Pleasant_landscape_S235711116_St25_G7.5.126.png,pleasant_4,235711116,pleasant,483678,../images/Comprimida/e81bb8fdc2db526880667d8878fb783f47c35e0fcb7e1b5f403c1384e7fd5775.png,470566,0.6,7
/home/jerre/git/Stable_Diffusion_IC/images/Pleasant/Pleasant_landscape_S235711117_St25_G7.5.127.png,pleasant_5,235711117,pleasant,429645,../images/Comprimida/ba1885a59733197b2deb342a5678143ecceeebbe6337d1a28a2e8be2d81a947f.png,412478,0.52,6
/home/jerre/git/Stable_Diffusion_IC/images/Pleasant/Pleasant_landscape_S235711123_St25_G7.5.133.png,pleasant_11,235711123,pleasant,387111,../images/Comprimida/03045e49704e0b571d4a156e08cd717f0d5b731c2df27b97c0c85ff04313a6ff.png,367790,0.47,8
/home/jerre/git/Stable_Diffusion_IC/images/Pleasant/Pleasant_landscape_S235711120_St25_G7.5.130.png,pleasant_8,235711120,pleasant,453727,../images/Comprimida/c9040fd494a112c98f2d13ee9db287ab78feeb62d62fae683323d3879a6a36b6.png,434997,0.55,8
/home/jerre/git/Stable_Diffusion_IC/images/Pleasant/Pleasant_landscape_S235711134_St25_G7.5.144.png,pleasant_22,235711134,pleasant,438704,../images/Comprimida/327634d3d95bce2315fe1a3a93120986c46622dc716985367a2faa76de32faa9.png,419863,0.53,6
/home/jerre/git/Stable_Diffusion_IC/images/Unpleasant/Unpleasant_landscape_S235711113_St25_G7.5.31.png,unpleasant_1,235711113,unpleasant,536899,../images/Comprimida/63fec9ee27850921e2382b02a87fa3b71004088da0d4c08a45fb0d94abe82528.png,519641,0.66,5
/home/jerre/git/Stable_Diffusion_IC/images/Unpleasant/Unpleasant_landscape_S235711142_St25_G7.5.60.png,unpleasant_30,235711142,unpleasant,399775,../images/Comprimida/bd9cb89be0c9a3cfb3a95f96c4f34fc81b79520b7c3bfa4f07330050cd3d5199.png,377174,0.48,8
/home/jerre/git/Stable_Diffusion_IC/images/Unpleasant/Unpleasant_landscape_S235711123_St25_G7.5.41.png,unpleasant_11,235711123,unpleasant,345127,../images/Comprimida/798e3e4a1c8d8226103d04a41f946021f3e662f2ccf30ced92b12650044f0c67.png,324692,0.41,8
/home/jerre/git/Stable_Diffusion_IC/images/Unpleasant/Unpleasant_landscape_S235711117_St25_G7.5.35.png,unpleasant_5,235711117,unpleasant,381336,../images/Comprimida/032fa1d03afee3d484bea46999101772661d422ba35450c88419a95390f4aa6a.png,362006,0.46,8
/home/jerre/git/Stable_Diffusion_IC/images/Unpleasant/Unpleasant_landscape_S235711132_St25_G7.5.50.png,unpleasant_20,235711132,unpleasant,542762,../images/Comprimida/0cc30112ed36fa4a238905512f06be0a71cabb5c19bb789293a95250f3f33c03.png,527477,0.67,8
/home/jerre/git/Stable_Diffusion_IC/images/Unpleasant/Unpleasant_landscape_S235711130_St25_G7.5.48.png,unpleasant_18,235711130,unpleasant,446629,../images/Comprimida/a6e4a86e38cae4f16e8526b1b341f4e7c0babc62fb6aef9e9aa7364935a9ea98.png,433604,0.55,8
/home/jerre/git/Stable_Diffusion_IC/images/Unpleasant/Unpleasant_landscape_S235711122_St25_G7.5.40.png,unpleasant_10,235711122,unpleasant,473446,../images/Comprimida/4bcd26a936bf7a2ba3c6f2565d5df9e67d687e654fee9685cad77c2d8e61be40.png,461673,0.59,8
/home/jerre/git/Stable_Diffusion_IC/images/Unpleasant/Unpleasant_landscape_S235711119_St25_G7.5.37.png,unpleasant_7,235711119,unpleasant,505773,../images/Comprimida/a509fd8399f2d8c69f6d6dd56d7cf6c910b892641ffb6d8a0119a51b7a0b166d.png,493101,0.63,8
/home/jerre/git/Stable_Diffusion_IC/images/Unpleasant/Unpleasant_landscape_S235711138_St25_G7.5.56.png,unpleasant_26,235711138,unpleasant,388248,../images/Comprimida/316850592250b50538733b13670e9bb6d3812367b842786e8e7ad163d4b8216b.png,370704,0.47,7
/home/jerre/git/Stable_Diffusion_IC/images/Unpleasant/Unpleasant_landscape_S235711127_St25_G7.5.45.png,unpleasant_15,235711127,unpleasant,437238,../images/Comprimida/aeb5bff626c7d4a77cd55b684a9667d113ea15cb42fb9123b9dcc96eb8fa0726.png,420598,0.53,3
/home/jerre/git/Stable_Diffusion_IC/images/Unpleasant/Unpleasant_landscape_S235711124_St25_G7.5.42.png,unpleasant_12,235711124,unpleasant,395243,../images/Comprimida/d5ea7421be74a64f6d678843d5120e5be75aed4634457ea709ef52e0321f5eed.png,373003,0.47,7
/home/jerre/git/Stable_Diffusion_IC/images/Unpleasant/Unpleasant_landscape_S235711135_St25_G7.5.53.png,unpleasant_23,235711135,unpleasant,472193,../images/Comprimida/ab38b12d8cb7613b984ff1f2bdf551312dd60975ec59cad5d636ee730e1cb9cb.png,455629,0.58,5
/home/jerre/git/Stable_Diffusion_IC/images/Unpleasant/Unpleasant_landscape_S235711116_St25_G7.5.34.png,unpleasant_4,235711116,unpleasant,487384,../images/Comprimida/45712bb60fdfadc8ecea4aa77179d6bbaa43eabac60fbe4c99360ca80b668a6e.png,474616,0.6,5
/home/jerre/git/Stable_Diffusion_IC/images/Unpleasant/Unpleasant_landscape_S235711120_St25_G7.5.38.png,unpleasant_8,235711120,unpleasant,447160,../images/Comprimida/0d6e430101e9c1fb73d61e0c828a38e85455fd493ec4d1c1ceaf1be4ed884d1b.png,427869,0.54,8
/home/jerre/git/Stable_Diffusion_IC/images/Unpleasant/Unpleasant_landscape_S235711114_St25_G7.5.32.png,unpleasant_2,235711114,unpleasant,503871,../images/Comprimida/f35310c8509c2d6e4c90efcb380ade4ba75d61c9f5fe6a4ccbeae19b0afe4eb3.png,487057,0.62,7
/home/jerre/git/Stable_Diffusion_IC/images/Unpleasant/Unpleasant_landscape_S235711133_St25_G7.5.51.png,unpleasant_21,235711133,unpleasant,565281,../images/Comprimida/62870ede893ad00074698ab7ac5ed63e0d577a0f36f7e0106961195b3f2385aa.png,547826,0.7,8
/home/jerre/git/Stable_Diffusion_IC/images/Unpleasant/Unpleasant_landscape_S235711125_St25_G7.5.43.png,unpleasant_13,235711125,unpleasant,526106,../images/Comprimida/b55b57985378b9dcd64ebb81b60c844d75c7d877a5f239c76698e8cfb32731d4.png,510710,0.65,8
/home/jerre/git/Stable_Diffusion_IC/images/Unpleasant/Unpleasant_landscape_S235711131_St25_G7.5.49.png,unpleasant_19,235711131,unpleasant,453648,../images/Comprimida/731e822dbcf0c6ad33220a43922466d712084dc6acf3e6b075666b30d263c06b.png,434048,0.55,8
/home/jerre/git/Stable_Diffusion_IC/images/Unpleasant/Unpleasant_landscape_S235711137_St25_G7.5.55.png,unpleasant_25,235711137,unpleasant,443462,../images/Comprimida/5bc91faab99b6dec30b6a524e92a214889d9726f3f60d008f79b48e5bf3508f2.png,423610,0.54,6
/home/jerre/git/Stable_Diffusion_IC/images/Unpleasant/Unpleasant_landscape_S235711140_St25_G7.5.58.png,unpleasant_28,235711140,unpleasant,392699,../images/Comprimida/97069e7b8c6c5973e467066e7eee4326417d9ed2df61bce6e364055bc3099505.png,377769,0.48,8
/home/jerre/git/Stable_Diffusion_IC/images/Unpleasant/Unpleasant_landscape_S235711134_St25_G7.5.52.png,unpleasant_22,235711134,unpleasant,404061,../images/Comprimida/e26c7110879de7142753c4b5a1bdcbe640573dcd2902e2dcb18f384a644de613.png,383938,0.49,7
/home/jerre/git/Stable_Diffusion_IC/images/Unpleasant/Unpleasant_landscape_S235711136_St25_G7.5.54.png,unpleasant_24,235711136,unpleasant,492608,../images/Comprimida/7c4745d2ba9e3e3a9c063c8a887a2f53bb0dacf83b0fbaebe996635f166cc022.png,475978,0.61,8
/home/jerre/git/Stable_Diffusion_IC/images/Unpleasant/Unpleasant_landscape_S235711126_St25_G7.5.44.png,unpleasant_14,235711126,unpleasant,417598,../images/Comprimida/3b8d196765dea8567693dba14776f76a16b9a53b2090d40cc901da54f9ba0687.png,397627,0.51,8
/home/jerre/git/Stable_Diffusion_IC/images/Unpleasant/Unpleasant_landscape_S235711115_St25_G7.5.33.png,unpleasant_3,235711115,unpleasant,463076,../images/Comprimida/40e0aab5d6a897f81f19527e7262efd46a7f8f93800f71bea9e01344d4e8d4c9.png,443791,0.56,5
/home/jerre/git/Stable_Diffusion_IC/images/Unpleasant/Unpleasant_landscape_S235711121_St25_G7.5.39.png,unpleasant_9,235711121,unpleasant,423643,../images/Comprimida/697a52967fe4db9b80207d327a8a3ff70709dac68d3bb480d2c09701226cfe04.png,405184,0.52,4
/home/jerre/git/Stable_Diffusion_IC/images/Unpleasant/Unpleasant_landscape_S235711139_St25_G7.5.57.png,unpleasant_27,235711139,unpleasant,496446,../images/Comprimida/e38aa3bdc76d6accb8efbae9a16561a96098e4f7523c294aabf67ea8b98027da.png,475879,0.61,8
/home/jerre/git/Stable_Diffusion_IC/images/Unpleasant/Unpleasant_landscape_S235711118_St25_G7.5.36.png,unpleasant_6,235711118,unpleasant,427717,../images/Comprimida/3d07327a1cf3b700b061a7ca4e327eef49bfb5fd7c687b7c3fcb560d172374b6.png,406978,0.52,8
/home/jerre/git/Stable_Diffusion_IC/images/Unpleasant/Unpleasant_landscape_S235711129_St25_G7.5.47.png,unpleasant_17,235711129,unpleasant,398607,../images/Comprimida/4b8c09ea493d816fafc1259ef0ee569e3b05c1cc573765a7c3b58c1519ecc8e5.png,380622,0.48,5
/home/jerre/git/Stable_Diffusion_IC/images/Unpleasant/Unpleasant_landscape_S235711128_St25_G7.5.46.png,unpleasant_16,235711128,unpleasant,509631,../images/Comprimida/a4ada3653a64fd2e08ca08fb54a91176dda1975e05aa5c336cefebe99fe7fb6e.png,492105,0.63,8
/home/jerre/git/Stable_Diffusion_IC/images/Unpleasant/Unpleasant_landscape_S235711141_St25_G7.5.59.png,unpleasant_29,235711141,unpleasant,425025,../images/Comprimida/f7798b55fa82fd1991218483d8ee863179a655f3d72815232dad365b33e4dd8a.png,401800,0.51,7
/home/jerre/git/Stable_Diffusion_IC/images/Pleasant (+3)/Pleasant____landscape_S235711134_St25_G7.5.174.png,pleasant_p_22,235711134,pleasant_p,438807,../images/Comprimida/fa769e84c9b017dce5909dd3512fa665e7ac20fce33aa5894163efb98bdea388.png,419555,0.53,7
/home/jerre/git/Stable_Diffusion_IC/images/Pleasant (+3)/Pleasant____landscape_S235711141_St25_G7.5.181.png,pleasant_p_29,235711141,pleasant_p,434102,../images/Comprimida/23675daf6767ee40cd3276f4ecabc7895ad59556af5c1a9f2caee1c4b8c25d97.png,413095,0.53,2
/home/jerre/git/Stable_Diffusion_IC/images/Pleasant (+3)/Pleasant____landscape_S235711122_St25_G7.5.162.png,pleasant_p_10,235711122,pleasant_p,470892,../images/Comprimida/59384d188b4c1044e95258da3f6fae0747c8a1efe62a035abf44037c684abaa5.png,457277,0.58,8
/home/jerre/git/Stable_Diffusion_IC/images/Pleasant (+3)/Pleasant____landscape_S235711117_St25_G7.5.157.png,pleasant_p_5,235711117,pleasant_p,429813,../images/Comprimida/bcc3e73edec11ebe4d99952016c7b19c37a7f80d4a8201b2a12af4b19338d70f.png,412097,0.52,8
/home/jerre/git/Stable_Diffusion_IC/images/Pleasant (+3)/Pleasant____landscape_S235711128_St25_G7.5.168.png,pleasant_p_16,235711128,pleasant_p,513501,../images/Comprimida/98bfafd4cc893aac2e4eca782bf607543893d82e344ed1b84faf9e197ddc5cae.png,496304,0.63,7
/home/jerre/git/Stable_Diffusion_IC/images/Pleasant (+3)/Pleasant____landscape_S235711113_St25_G7.5.153.png,pleasant_p_1,235711113,pleasant_p,551023,../images/Comprimida/27ce323dd866d9cdc9ddb8060826edff04706a26a31988ed6a9f6bd87525fd4a.png,533699,0.68,7
/home/jerre/git/Stable_Diffusion_IC/images/Pleasant (+3)/Pleasant____landscape_S235711130_St25_G7.5.170.png,pleasant_p_18,235711130,pleasant_p,465655,../images/Comprimida/2e4fd516a58b41a98a5e329b8ca4c324ca5fb946ba23acb464ed21552180b85a.png,449541,0.57,7
/home/jerre/git/Stable_Diffusion_IC/images/Pleasant (+3)/Pleasant____landscape_S235711115_St25_G7.5.155.png,pleasant_p_3,235711115,pleasant_p,493621,../images/Comprimida/53a6a0796009ba222aa8dd33ce99b22916341e16b219d0e20c62dd73c8f82d23.png,474173,0.6,-2
/home/jerre/git/Stable_Diffusion_IC/images/Pleasant (+3)/Pleasant____landscape_S235711139_St25_G7.5.179.png,pleasant_p_27,235711139,pleasant_p,524394,../images/Comprimida/07dc03abd0e7a9c64369c454d6ef751d97334f9547fcc490adabc1e267aded9b.png,504718,0.64,5
/home/jerre/git/Stable_Diffusion_IC/images/Pleasant (+3)/Pleasant____landscape_S235711131_St25_G7.5.171.png,pleasant_p_19,235711131,pleasant_p,458460,../images/Comprimida/cd2b20bdf0cb025d05efa5c486ee99401b8af9aa4fcc7b6866710211d4cb4a89.png,439668,0.56,4
/home/jerre/git/Stable_Diffusion_IC/images/Pleasant (+3)/Pleasant____landscape_S235711124_St25_G7.5.164.png,pleasant_p_12,235711124,pleasant_p,472232,../images/Comprimida/e84ec6d26cb2340163b142ce105a926bd0a9c880e44ac74bf8f73f8085d31a0b.png,453730,0.58,5
/home/jerre/git/Stable_Diffusion_IC/images/Pleasant (+3)/Pleasant____landscape_S235711121_St25_G7.5.161.png,pleasant_p_9,235711121,pleasant_p,447153,../images/Comprimida/a842faf5a1fdc0971d6679aaed3d1976ef232140e5b6686b03f1611cd742dad1.png,429179,0.55,5
/home/jerre/git/Stable_Diffusion_IC/images/Pleasant (+3)/Pleasant____landscape_S235711142_St25_G7.5.182.png,pleasant_p_30,235711142,pleasant_p,450621,../images/Comprimida/d2065c9a6c9a14aab70d73bdc5f674ff09e3547d8bf1e4bbaeb4a7a4068bbfb5.png,431524,0.55,8
/home/jerre/git/Stable_Diffusion_IC/images/Pleasant (+3)/Pleasant____landscape_S235711138_St25_G7.5.178.png,pleasant_p_26,235711138,pleasant_p,420965,../images/Comprimida/769ed71102ddaa99bb98c08425a36bc692750360a4971b4a90848fd69eb21ffc.png,405207,0.52,4
/home/jerre/git/Stable_Diffusion_IC/images/Pleasant (+3)/Pleasant____landscape_S235711133_St25_G7.5.173.png,pleasant_p_21,235711133,pleasant_p,587513,../images/Comprimida/bd5918d33a2cb47399b69420baa34e6ffb91b1d2b1d4e6648ddca9bc55d9f26f.png,571696,0.73,8
/home/jerre/git/Stable_Diffusion_IC/images/Pleasant (+3)/Pleasant____landscape_S235711126_St25_G7.5.166.png,pleasant_p_14,235711126,pleasant_p,457666,../images/Comprimida/38a8a325d01f12be3abca3369e9d8dcd782f1e03ab20fac2a05e77d1feaf9c33.png,438037,0.56,7
/home/jerre/git/Stable_Diffusion_IC/images/Pleasant (+3)/Pleasant____landscape_S235711129_St25_G7.5.169.png,pleasant_p_17,235711129,pleasant_p,432356,../images/Comprimida/880883e5137ec203b1c3960c41db86e49a1d098abd9d65ce913359a723f88be2.png,416520,0.53,8
/home/jerre/git/Stable_Diffusion_IC/images/Pleasant (+3)/Pleasant____landscape_S235711118_St25_G7.5.158.png,pleasant_p_6,235711118,pleasant_p,462956,../images/Comprimida/63a6c49fd517612331e6b0b880d866e8f8282771eae2996908eb27eb63b5afe1.png,445825,0.57,8
/home/jerre/git/Stable_Diffusion_IC/images/Pleasant (+3)/Pleasant____landscape_S235711127_St25_G7.5.167.png,pleasant_p_15,235711127,pleasant_p,438956,../images/Comprimida/a895a0d0a6d2c776df550ef11ddad3e5f22091f0082528d84e3f3cbb310b74f1.png,423822,0.54,7
/home/jerre/git/Stable_Diffusion_IC/images/Pleasant (+3)/Pleasant____landscape_S235711132_St25_G7.5.172.png,pleasant_p_20,235711132,pleasant_p,562242,../images/Comprimida/c11fb1bf1ff56117de8bea673be6ec54248b68c5a4bb54fcdcc5b44a7ced7ef1.png,545034,0.69,7
/home/jerre/git/Stable_Diffusion_IC/images/Pleasant (+3)/Pleasant____landscape_S235711135_St25_G7.5.175.png,pleasant_p_23,235711135,pleasant_p,473927,../images/Comprimida/5c45924d910aec41b6b37f8a16a4b57d7025c8e43c2b7ff3ccffd12b48d5d868.png,459446,0.58,6
/home/jerre/git/Stable_Diffusion_IC/images/Pleasant (+3)/Pleasant____landscape_S235711137_St25_G7.5.177.png,pleasant_p_25,235711137,pleasant_p,448416,../images/Comprimida/d9c6ff29ea540417b653cb4663e924cda2a261f68afe8d28b8a70652c802adae.png,430082,0.55,4
/home/jerre/git/Stable_Diffusion_IC/images/Pleasant (+3)/Pleasant____landscape_S235711119_St25_G7.5.159.png,pleasant_p_7,235711119,pleasant_p,543265,../images/Comprimida/91ccd8c52531b7107b9bfa04e0d28391312695a39796f88bb3ca2fe79b682dcb.png,529500,0.67,8
/home/jerre/git/Stable_Diffusion_IC/images/Pleasant (+3)/Pleasant____landscape_S235711114_St25_G7.5.154.png,pleasant_p_2,235711114,pleasant_p,450732,../images/Comprimida/1d85f7698d038448593af038e447189f14cb5dce0164f1d2b4454a4e495a4c5e.png,432266,0.55,8
/home/jerre/git/Stable_Diffusion_IC/images/Pleasant (+3)/Pleasant____landscape_S235711116_St25_G7.5.156.png,pleasant_p_4,235711116,pleasant_p,482244,../images/Comprimida/f4544eaa35df92002483af5a6ec56a5d9a9f4c641d4994b3a64b6735b81775d6.png,468068,0.6,9
/home/jerre/git/Stable_Diffusion_IC/images/Pleasant (+3)/Pleasant____landscape_S235711125_St25_G7.5.165.png,pleasant_p_13,235711125,pleasant_p,505443,../images/Comprimida/3dd8a5c57720bcb1692e99785f1b496d4d2c4434173bac114da70c56eebb7d2c.png,490954,0.62,4
/home/jerre/git/Stable_Diffusion_IC/images/Pleasant (+3)/Pleasant____landscape_S235711136_St25_G7.5.176.png,pleasant_p_24,235711136,pleasant_p,490701,../images/Comprimida/7fcde3b28df2f545451a76bcbfb82c21e6c2f52db132c47ad862594205e0e2de.png,474597,0.6,5
/home/jerre/git/Stable_Diffusion_IC/images/Pleasant (+3)/Pleasant____landscape_S235711123_St25_G7.5.163.png,pleasant_p_11,235711123,pleasant_p,386526,../images/Comprimida/291efbc385b4fdf78a12901a8022e5492569ff29eb9c3f2a6c98dda578f49cc3.png,367455,0.47,4
/home/jerre/git/Stable_Diffusion_IC/images/Pleasant (+3)/Pleasant____landscape_S235711140_St25_G7.5.180.png,pleasant_p_28,235711140,pleasant_p,475527,../images/Comprimida/18d7ce86fd10db3376256c589550d36ac487a99e66978411c590b53d38e3c386.png,457787,0.58,7
/home/jerre/git/Stable_Diffusion_IC/images/Pleasant (+3)/Pleasant____landscape_S235711120_St25_G7.5.160.png,pleasant_p_8,235711120,pleasant_p,451900,../images/Comprimida/6a1c5f1e5fea254f5e6bc33ed45d806b2b088e6bb4050bbfe33fde0fc574001c.png,433071,0.55,8
/home/jerre/git/Stable_Diffusion_IC/images/Unpleasant (+3)/Unpleasant____landscape_S235711135_St25_G7.5.23.png,unpleasant_p_23,235711135,unpleasant_p,471228,../images/Comprimida/9ba7b1c3a27bbcd608f6384e7deb387913458f7de81e19977501faeac55bb9d0.png,454750,0.58,5
/home/jerre/git/Stable_Diffusion_IC/images/Unpleasant (+3)/Unpleasant____landscape_S235711142_St25_G7.5.30.png,unpleasant_p_30,235711142,unpleasant_p,398455,../images/Comprimida/dc00ee8291f8896786ac4a98bb891324fc6c0269918e1848ae6c824552ce61a3.png,375989,0.48,8
/home/jerre/git/Stable_Diffusion_IC/images/Unpleasant (+3)/Unpleasant____landscape_S235711126_St25_G7.5.14.png,unpleasant_p_14,235711126,unpleasant_p,415626,../images/Comprimida/2b4c543bbc9ceedd8f9b377bf3dcda0fc7cbe180936341df7290183fe8d83705.png,395732,0.5,4
/home/jerre/git/Stable_Diffusion_IC/images/Unpleasant (+3)/Unpleasant____landscape_S235711116_St25_G7.5.4.png,unpleasant_p_4,235711116,unpleasant_p,487885,../images/Comprimida/83595d2e6f8a6b8929b15d59a85bc9a8033713e57e35c8458165e6182ef5d6d1.png,475408,0.6,8
/home/jerre/git/Stable_Diffusion_IC/images/Unpleasant (+3)/Unpleasant____landscape_S235711121_St25_G7.5.9.png,unpleasant_p_9,235711121,unpleasant_p,428511,../images/Comprimida/c67fd95be9a4bdcff955e9fb3de812f9560ccb9946c7b0c9ff202e0cc498c58d.png,409598,0.52,5
/home/jerre/git/Stable_Diffusion_IC/images/Unpleasant (+3)/Unpleasant____landscape_S235711119_St25_G7.5.7.png,unpleasant_p_7,235711119,unpleasant_p,505252,../images/Comprimida/f9c255c2fe3de292818241f06c7a75544b2869f8a99331c147d3472bf2636090.png,492051,0.63,8
/home/jerre/git/Stable_Diffusion_IC/images/Unpleasant (+3)/Unpleasant____landscape_S235711127_St25_G7.5.15.png,unpleasant_p_15,235711127,unpleasant_p,435540,../images/Comprimida/e4f449f33b1e2b20c1542e7c24aabde699ba6d155f94d6912cd8d2c10580ab39.png,418980,0.53,8
/home/jerre/git/Stable_Diffusion_IC/images/Unpleasant (+3)/Unpleasant____landscape_S235711140_St25_G7.5.28.png,unpleasant_p_28,235711140,unpleasant_p,387663,../images/Comprimida/020d13b1d232d2d44d754cda1c684ae539df0b160553cdd8d115f6d265688599.png,372764,0.47,7
/home/jerre/git/Stable_Diffusion_IC/images/Unpleasant (+3)/Unpleasant____landscape_S235711125_St25_G7.5.13.png,unpleasant_p_13,235711125,unpleasant_p,526718,../images/Comprimida/3d541d229f62bad0af0c41ffb6196fb31c5add56b1772d99ba83e353260e5d96.png,511291,0.65,2
/home/jerre/git/Stable_Diffusion_IC/images/Unpleasant (+3)/Unpleasant____landscape_S235711141_St25_G7.5.29.png,unpleasant_p_29,235711141,unpleasant_p,423576,../images/Comprimida/4d42b54a8ca835b552bbcc91e87b9892953fc0e9ff403faac65079ee73996df2.png,400536,0.51,5
/home/jerre/git/Stable_Diffusion_IC/images/Unpleasant (+3)/Unpleasant____landscape_S235711132_St25_G7.5.20.png,unpleasant_p_20,235711132,unpleasant_p,540182,../images/Comprimida/bbfff972f373efb5394da7a780684750b73891079c88937ce05ca54b75355bac.png,525271,0.67,-2
/home/jerre/git/Stable_Diffusion_IC/images/Unpleasant (+3)/Unpleasant____landscape_S235711115_St25_G7.5.3.png,unpleasant_p_3,235711115,unpleasant_p,468857,../images/Comprimida/66c56de95f6fd8a52b01c1503b4ccd8d4c1b20ffe128897388bc4da74078998e.png,449920,0.57,-2
/home/jerre/git/Stable_Diffusion_IC/images/Unpleasant (+3)/Unpleasant____landscape_S235711133_St25_G7.5.21.png,unpleasant_p_21,235711133,unpleasant_p,566155,../images/Comprimida/5dcacfbd826e4e92cdfa30ab7a3c6094d3803c15bd08f3b65549c49f6dc46059.png,548584,0.7,8
/home/jerre/git/Stable_Diffusion_IC/images/Unpleasant (+3)/Unpleasant____landscape_S235711129_St25_G7.5.17.png,unpleasant_p_17,235711129,unpleasant_p,394030,../images/Comprimida/ef4f7b884b60871cea2dcd8c1076c68fadd8aa70b9d246d408d3b24f6f56f065.png,376253,0.48,8
/home/jerre/git/Stable_Diffusion_IC/images/Unpleasant (+3)/Unpleasant____landscape_S235711123_St25_G7.5.11.png,unpleasant_p_11,235711123,unpleasant_p,342703,../images/Comprimida/eccfc894bc0f101d1b47135c124749612e3b0440b30aab709b74e18d362ed835.png,322704,0.41,8
/home/jerre/git/Stable_Diffusion_IC/images/Unpleasant (+3)/Unpleasant____landscape_S235711113_St25_G7.5.1.png,unpleasant_p_1,235711113,unpleasant_p,537403,../images/Comprimida/7a58f9ada39714629c8377bc4b1477a9d9582fcb7544605e444f32cb05f01a5f.png,520087,0.66,8
/home/jerre/git/Stable_Diffusion_IC/images/Unpleasant (+3)/Unpleasant____landscape_S235711134_St25_G7.5.22.png,unpleasant_p_22,235711134,unpleasant_p,400269,../images/Comprimida/7abe653561144cd447317226cac5fe42f383ae08b19d14a05a444dc62c653ba3.png,379946,0.48,8
/home/jerre/git/Stable_Diffusion_IC/images/Unpleasant (+3)/Unpleasant____landscape_S235711114_St25_G7.5.2.png,unpleasant_p_2,235711114,unpleasant_p,506097,../images/Comprimida/1473f8af04998eb82be370fd8c62289dc47a01dcf11f626cbe983c218bd0559f.png,489656,0.62,8
/home/jerre/git/Stable_Diffusion_IC/images/Unpleasant (+3)/Unpleasant____landscape_S235711138_St25_G7.5.26.png,unpleasant_p_26,235711138,unpleasant_p,382026,../images/Comprimida/40c1024345c164812011f50483355a8576c59646e1ff33e7093cd651024fbdac.png,363730,0.46,7
/home/jerre/git/Stable_Diffusion_IC/images/Unpleasant (+3)/Unpleasant____landscape_S235711122_St25_G7.5.10.png,unpleasant_p_10,235711122,unpleasant_p,478274,../images/Comprimida/ac5a52c4a777e2666362657a8a7de8f3c94d09d4a600469c339d77113c8f52b9.png,466705,0.59,5
/home/jerre/git/Stable_Diffusion_IC/images/Unpleasant (+3)/Unpleasant____landscape_S235711139_St25_G7.5.27.png,unpleasant_p_27,235711139,unpleasant_p,494738,../images/Comprimida/b7eb0ab2da5feb616f2fd9c7ea927f6a7f17ce8fb8133f1b751875ab81ce568c.png,473656,0.6,8
/home/jerre/git/Stable_Diffusion_IC/images/Unpleasant (+3)/Unpleasant____landscape_S235711136_St25_G7.5.24.png,unpleasant_p_24,235711136,unpleasant_p,492506,../images/Comprimida/70f64a79d51bec7a9283a36d85270ebfa9fc7aababae6355872d28a3a689d6b9.png,474979,0.6,5
/home/jerre/git/Stable_Diffusion_IC/images/Unpleasant (+3)/Unpleasant____landscape_S235711130_St25_G7.5.18.png,unpleasant_p_18,235711130,unpleasant_p,444526,../images/Comprimida/3fda12c8eeb71281b3e64e5974b3d9ad1ac51f3b93dee9e8ec8284b99275c3a0.png,430882,0.55,5
/home/jerre/git/Stable_Diffusion_IC/images/Unpleasant (+3)/Unpleasant____landscape_S235711120_St25_G7.5.8.png,unpleasant_p_8,235711120,unpleasant_p,444747,../images/Comprimida/63a56f9c18d16d62c628a85fad846dffbbc7dca50fdfba0a4075229ec988afb2.png,425269,0.54,7
/home/jerre/git/Stable_Diffusion_IC/images/Unpleasant (+3)/Unpleasant____landscape_S235711118_St25_G7.5.6.png,unpleasant_p_6,235711118,unpleasant_p,426727,../images/Comprimida/3fe65344e31b42aafdbab34e0e65902208d8642ce77e3b4f592294e8285b0d49.png,406354,0.52,-2
/home/jerre/git/Stable_Diffusion_IC/images/Unpleasant (+3)/Unpleasant____landscape_S235711117_St25_G7.5.5.png,unpleasant_p_5,235711117,unpleasant_p,382100,../images/Comprimida/deece8f0009c2659a991860fbc2bcda347810bb90f30788e39882c316b365fec.png,362735,0.46,6
/home/jerre/git/Stable_Diffusion_IC/images/Unpleasant (+3)/Unpleasant____landscape_S235711124_St25_G7.5.12.png,unpleasant_p_12,235711124,unpleasant_p,389327,../images/Comprimida/48d916ece65f533aaa1b5b662afc1848c07c07031577554dcc06b9b5b143442c.png,366984,0.47,8
/home/jerre/git/Stable_Diffusion_IC/images/Unpleasant (+3)/Unpleasant____landscape_S235711131_St25_G7.5.19.png,unpleasant_p_19,235711131,unpleasant_p,446732,../images/Comprimida/113b4efbd4b9ec38a17e304ed9e7b1c6edd8f18e8f1745441ea7eabfe861d6bf.png,427041,0.54,8
/home/jerre/git/Stable_Diffusion_IC/images/Unpleasant (+3)/Unpleasant____landscape_S235711137_St25_G7.5.25.png,unpleasant_p_25,235711137,unpleasant_p,440538,../images/Comprimida/d0f4e68a161cf79b94c73af28c92cc7476d4775689eb31c92adeb7667f17b8f1.png,419838,0.53,8
/home/jerre/git/Stable_Diffusion_IC/images/Unpleasant (+3)/Unpleasant____landscape_S235711128_St25_G7.5.16.png,unpleasant_p_16,235711128,unpleasant_p,511504,../images/Comprimida/f7366e75bc952e0835cffd9bf53e62b0e9a06a467362d9ab1673cd01ac814b32.png,494341,0.63,-2
/home/jerre/git/Stable_Diffusion_IC/images/Pleasant (-3)/Pleasant____landscape_S235711126_St25_G7.5.104.png,pleasant_n_14,235711126,pleasant_n,459134,../images/Comprimida/aab54f8f58b89c906bd66f2b2322cac483a7d35c77fb89f8ee883c5a8b05f3e6.png,440094,0.56,7
/home/jerre/git/Stable_Diffusion_IC/images/Pleasant (-3)/Pleasant____landscape_S235711135_St25_G7.5.113.png,pleasant_n_23,235711135,pleasant_n,483894,../images/Comprimida/d57f8df76231dd30a365544688e41ff88da7576aa179c3ca85fe83f98da373fa.png,470384,0.6,7
/home/jerre/git/Stable_Diffusion_IC/images/Pleasant (-3)/Pleasant____landscape_S235711127_St25_G7.5.105.png,pleasant_n_15,235711127,pleasant_n,442580,../images/Comprimida/262886041eb73031795d04195ffd5fd3f1e515f818b8787961c7ad562b9a8e13.png,427791,0.54,8
/home/jerre/git/Stable_Diffusion_IC/images/Pleasant (-3)/Pleasant____landscape_S235711131_St25_G7.5.109.png,pleasant_n_19,235711131,pleasant_n,477010,../images/Comprimida/e436453b5f8b2940e57dd7911d3b8227f1d56098dd59c1fa95c6a9b3475f3ad0.png,459343,0.58,8
/home/jerre/git/Stable_Diffusion_IC/images/Pleasant (-3)/Pleasant____landscape_S235711129_St25_G7.5.107.png,pleasant_n_17,235711129,pleasant_n,436954,../images/Comprimida/51461413787ba7c4d437aa8481e2ed9d646332487d1dcf70ccfbd269f79ae7f8.png,422229,0.54,7
/home/jerre/git/Stable_Diffusion_IC/images/Pleasant (-3)/Pleasant____landscape_S235711121_St25_G7.5.99.png,pleasant_n_9,235711121,pleasant_n,444212,../images/Comprimida/55870668914c87789adae52c783ea3e864184a54d54ef69fb6b3ac2eca8eb73f.png,426326,0.54,7
/home/jerre/git/Stable_Diffusion_IC/images/Pleasant (-3)/Pleasant____landscape_S235711139_St25_G7.5.117.png,pleasant_n_27,235711139,pleasant_n,520879,../images/Comprimida/39f02bde013854651bc699856fdd366f3a5e3b99bf5d08a35bb7c1ca9aa2ec67.png,501847,0.64,8
/home/jerre/git/Stable_Diffusion_IC/images/Pleasant (-3)/Pleasant____landscape_S235711138_St25_G7.5.116.png,pleasant_n_26,235711138,pleasant_n,450643,../images/Comprimida/4f06527f710f0d79b1ea9be0b6a58d92c4a91476907e7bbed27a8065ba45d785.png,435594,0.55,7
/home/jerre/git/Stable_Diffusion_IC/images/Pleasant (-3)/Pleasant____landscape_S235711116_St25_G7.5.94.png,pleasant_n_4,235711116,pleasant_n,491764,../images/Comprimida/607b781e1da7e6bdafcd5158b60c32b680bcba571b24c93e3575f9b66e7ca7c2.png,478393,0.61,7
/home/jerre/git/Stable_Diffusion_IC/images/Pleasant (-3)/Pleasant____landscape_S235711142_St25_G7.5.120.png,pleasant_n_30,235711142,pleasant_n,452672,../images/Comprimida/f2c4f0e0be175ff00e3a92a37bcb5bdb1e0ada8ee45874cde59499b9332d5a2c.png,433900,0.55,6
/home/jerre/git/Stable_Diffusion_IC/images/Pleasant (-3)/Pleasant____landscape_S235711123_St25_G7.5.101.png,pleasant_n_11,235711123,pleasant_n,388375,../images/Comprimida/1ed48f1ee9620e8395c0ce50f9ef73297ee6e9a898e8e97d02e45446f334359e.png,368910,0.47,3
/home/jerre/git/Stable_Diffusion_IC/images/Pleasant (-3)/Pleasant____landscape_S235711122_St25_G7.5.100.png,pleasant_n_10,235711122,pleasant_n,454117,../images/Comprimida/f55388a27b3a5dde9bc0aa45c2b36510809bd33ced461184266f6df22b3a074d.png,439259,0.56,5
/home/jerre/git/Stable_Diffusion_IC/images/Pleasant (-3)/Pleasant____landscape_S235711137_St25_G7.5.115.png,pleasant_n_25,235711137,pleasant_n,416922,../images/Comprimida/35a6e6c334d81d788064ade30fc614f4ccea761880bc6e24960df5088214ed65.png,404831,0.51,8
/home/jerre/git/Stable_Diffusion_IC/images/Pleasant (-3)/Pleasant____landscape_S235711117_St25_G7.5.95.png,pleasant_n_5,235711117,pleasant_n,428116,../images/Comprimida/942499675e841a893fd91d969aac7a5eca539017fc93dd2f240cbfcc9a4b75ed.png,411289,0.52,8
/home/jerre/git/Stable_Diffusion_IC/images/Pleasant (-3)/Pleasant____landscape_S235711114_St25_G7.5.92.png,pleasant_n_2,235711114,pleasant_n,450622,../images/Comprimida/95ab6a5eb09297943c9ef004e1e60103e5d0727929b0a748f9f04b34b38fa4e7.png,432627,0.55,8
/home/jerre/git/Stable_Diffusion_IC/images/Pleasant (-3)/Pleasant____landscape_S235711132_St25_G7.5.110.png,pleasant_n_20,235711132,pleasant_n,573347,../images/Comprimida/dcde357ef3427d99f0015431c44bff43ba49b13fcc22dcce34ed4781d4b00bc3.png,556633,0.71,8
/home/jerre/git/Stable_Diffusion_IC/images/Pleasant (-3)/Pleasant____landscape_S235711115_St25_G7.5.93.png,pleasant_n_3,235711115,pleasant_n,502498,../images/Comprimida/e67d435dd5c9ebe838ff80445b8d63e5d4fa95451e376ec19a45adbe221b3b76.png,482815,0.61,5
/home/jerre/git/Stable_Diffusion_IC/images/Pleasant (-3)/Pleasant____landscape_S235711136_St25_G7.5.114.png,pleasant_n_24,235711136,pleasant_n,493818,../images/Comprimida/4784b82180246626dfb558176a8cb3183d64cb8fc3edbed14797e8f2ef8319e5.png,478388,0.61,7
/home/jerre/git/Stable_Diffusion_IC/images/Pleasant (-3)/Pleasant____landscape_S235711124_St25_G7.5.102.png,pleasant_n_12,235711124,pleasant_n,463502,../images/Comprimida/757f83205953e3a1fc2eb5649fb8d229e812b40e39b00d15f8b43234b2022808.png,444773,0.57,4
/home/jerre/git/Stable_Diffusion_IC/images/Pleasant (-3)/Pleasant____landscape_S235711128_St25_G7.5.106.png,pleasant_n_16,235711128,pleasant_n,521453,../images/Comprimida/c965349b8f6929a23256e7c473e43deb7a4e80325c1e83eabffaa64cefd2e70b.png,505268,0.64,7
/home/jerre/git/Stable_Diffusion_IC/images/Pleasant (-3)/Pleasant____landscape_S235711134_St25_G7.5.112.png,pleasant_n_22,235711134,pleasant_n,446378,../images/Comprimida/48b5565eba78400ce6d6e0649b21063295e2ad332569c174ce8c1929b5789274.png,427403,0.54,7
/home/jerre/git/Stable_Diffusion_IC/images/Pleasant (-3)/Pleasant____landscape_S235711118_St25_G7.5.96.png,pleasant_n_6,235711118,pleasant_n,459918,../images/Comprimida/03ee6b43eba31726d16ca6df638bad42b3e8065b67bf81fb71b88c8ea7aae525.png,443133,0.56,7
/home/jerre/git/Stable_Diffusion_IC/images/Pleasant (-3)/Pleasant____landscape_S235711140_St25_G7.5.118.png,pleasant_n_28,235711140,pleasant_n,467856,../images/Comprimida/e58e27f9341fa4179f8b0bd751dab4274f2f2858eee0685ce7f73567c5c94e90.png,452150,0.57,7
/home/jerre/git/Stable_Diffusion_IC/images/Pleasant (-3)/Pleasant____landscape_S235711133_St25_G7.5.111.png,pleasant_n_21,235711133,pleasant_n,596904,../images/Comprimida/a830e93224ded0bb94e98b3b8e4e14568431cc32ce20ae7d7c8fbeba93f6e678.png,580598,0.74,8
/home/jerre/git/Stable_Diffusion_IC/images/Pleasant (-3)/Pleasant____landscape_S235711130_St25_G7.5.108.png,pleasant_n_18,235711130,pleasant_n,474246,../images/Comprimida/7c22bafab2117224499199f21a38c5f9a92215476cb64cee25dce371b261bbb5.png,459487,0.58,6
/home/jerre/git/Stable_Diffusion_IC/images/Pleasant (-3)/Pleasant____landscape_S235711141_St25_G7.5.119.png,pleasant_n_29,235711141,pleasant_n,438566,../images/Comprimida/fc0802fba6486858b199b49ae41bff2804fdf175771d576f81045b093487c24e.png,417590,0.53,8
/home/jerre/git/Stable_Diffusion_IC/images/Pleasant (-3)/Pleasant____landscape_S235711113_St25_G7.5.91.png,pleasant_n_1,235711113,pleasant_n,555168,../images/Comprimida/7276c65fa528a7768dcc6e88b028df9dce3f351d22d8f59cb3d51a9d38f4cf27.png,537877,0.68,7
/home/jerre/git/Stable_Diffusion_IC/images/Pleasant (-3)/Pleasant____landscape_S235711125_St25_G7.5.103.png,pleasant_n_13,235711125,pleasant_n,507450,../images/Comprimida/9b83a886e36a17e907afa5e6b16aba4ec5c8fe9233861fcd458b7f797d2675bb.png,494186,0.63,8
/home/jerre/git/Stable_Diffusion_IC/images/Pleasant (-3)/Pleasant____landscape_S235711120_St25_G7.5.98.png,pleasant_n_8,235711120,pleasant_n,452754,../images/Comprimida/918148f3eb1ba4e85e944c7514e6401380af860d92f38e8edc13fe7b20556da2.png,433238,0.55,5
/home/jerre/git/Stable_Diffusion_IC/images/Pleasant (-3)/Pleasant____landscape_S235711119_St25_G7.5.97.png,pleasant_n_7,235711119,pleasant_n,552622,../images/Comprimida/a8937d95101cc053087b9874013b726f0d303968c48cb1834249c0f438eee8f1.png,541562,0.69,8
/home/jerre/git/Stable_Diffusion_IC/images/Unpleasant (-3)/Unpleasant____landscape_S235711125_St25_G7.5.73.png,unpleasant_n_13,235711125,unpleasant_n,522198,../images/Comprimida/e270e15abad5f07cd753c987c05072860727b1acd826aa011c5ad0d5f236de00.png,508300,0.65,8
/home/jerre/git/Stable_Diffusion_IC/images/Unpleasant (-3)/Unpleasant____landscape_S235711121_St25_G7.5.69.png,unpleasant_n_9,235711121,unpleasant_n,425983,../images/Comprimida/3f1290b012bdcf8da394966f9ce6f8f0bdf801c3e3161fb3ba72cc4ff298d069.png,407366,0.52,8
/home/jerre/git/Stable_Diffusion_IC/images/Unpleasant (-3)/Unpleasant____landscape_S235711127_St25_G7.5.75.png,unpleasant_n_15,235711127,unpleasant_n,441583,../images/Comprimida/a7073542d8f1bb953d194c99546061186f2f3e0d4a2c0b347e7b911d4340b5b6.png,425433,0.54,8
/home/jerre/git/Stable_Diffusion_IC/images/Unpleasant (-3)/Unpleasant____landscape_S235711135_St25_G7.5.83.png,unpleasant_n_23,235711135,unpleasant_n,483246,../images/Comprimida/940c7aa102d85a961a30f00ea3b9f20c05d7f3800ed2db96103b55acd196d816.png,467450,0.59,7
/home/jerre/git/Stable_Diffusion_IC/images/Unpleasant (-3)/Unpleasant____landscape_S235711137_St25_G7.5.85.png,unpleasant_n_25,235711137,unpleasant_n,423316,../images/Comprimida/20628009b08436ae4425e2ff808588b1ccbddc1e6b8833aaa30b4970f62f1e16.png,404610,0.51,8
/home/jerre/git/Stable_Diffusion_IC/images/Unpleasant (-3)/Unpleasant____landscape_S235711119_St25_G7.5.67.png,unpleasant_n_7,235711119,unpleasant_n,521026,../images/Comprimida/eb145d2c999387dbd3892142e9c61a4d064c0405d2da06dd46a9d2804428b055.png,510179,0.65,8
/home/jerre/git/Stable_Diffusion_IC/images/Unpleasant (-3)/Unpleasant____landscape_S235711123_St25_G7.5.71.png,unpleasant_n_11,235711123,unpleasant_n,354316,../images/Comprimida/1dd49ecaeba8d7b98caafd3827978ba0d047e8bc5c967dbe0717edb94314c996.png,333874,0.42,6
/home/jerre/git/Stable_Diffusion_IC/images/Unpleasant (-3)/Unpleasant____landscape_S235711130_St25_G7.5.78.png,unpleasant_n_18,235711130,unpleasant_n,466430,../images/Comprimida/42b266378e93d264fcd6e273ef2791251f2f017f946487378a757c1b6a05c730.png,456353,0.58,-2
/home/jerre/git/Stable_Diffusion_IC/images/Unpleasant (-3)/Unpleasant____landscape_S235711136_St25_G7.5.84.png,unpleasant_n_24,235711136,unpleasant_n,492855,../images/Comprimida/d5a16ace96d8582de088bfd405043e78750fd33b69b4f68d0e73a71f153f77ff.png,476298,0.61,8
/home/jerre/git/Stable_Diffusion_IC/images/Unpleasant (-3)/Unpleasant____landscape_S235711133_St25_G7.5.81.png,unpleasant_n_21,235711133,unpleasant_n,569991,../images/Comprimida/da894483b3b7b2913e3630adab6feca6a0f1397a708c8efdd12b68430c43b70a.png,552768,0.7,8
/home/jerre/git/Stable_Diffusion_IC/images/Unpleasant (-3)/Unpleasant____landscape_S235711116_St25_G7.5.64.png,unpleasant_n_4,235711116,unpleasant_n,488661,../images/Comprimida/2db1b4cbec21c14006bb9acc0c28767687177dd9906ae4e34c6ce13afbeea08b.png,476494,0.61,8
/home/jerre/git/Stable_Diffusion_IC/images/Unpleasant (-3)/Unpleasant____landscape_S235711134_St25_G7.5.82.png,unpleasant_n_22,235711134,unpleasant_n,421998,../images/Comprimida/716fdceb6dc1c7c1f1a6ecdc4bc882869b54b0e8964218cf9adb474c3c5c0962.png,402423,0.51,8
/home/jerre/git/Stable_Diffusion_IC/images/Unpleasant (-3)/Unpleasant____landscape_S235711126_St25_G7.5.74.png,unpleasant_n_14,235711126,unpleasant_n,423599,../images/Comprimida/7725a2d661ef75d032392c81ddc6d91a356defd84c1f04c5f90ea143586af09f.png,403990,0.51,3
/home/jerre/git/Stable_Diffusion_IC/images/Unpleasant (-3)/Unpleasant____landscape_S235711139_St25_G7.5.87.png,unpleasant_n_27,235711139,unpleasant_n,498309,../images/Comprimida/27a99337adfe985695c1f27b6192532c4feaae88e5825e6dd43311a63565a21a.png,478235,0.61,-2
/home/jerre/git/Stable_Diffusion_IC/images/Unpleasant (-3)/Unpleasant____landscape_S235711131_St25_G7.5.79.png,unpleasant_n_19,235711131,unpleasant_n,461419,../images/Comprimida/193a50f5ce16ecdb622ccebe54b0b06e33d6a702eea97e32bfb650d38c36e7ff.png,441884,0.56,8
/home/jerre/git/Stable_Diffusion_IC/images/Unpleasant (-3)/Unpleasant____landscape_S235711124_St25_G7.5.72.png,unpleasant_n_12,235711124,unpleasant_n,415512,../images/Comprimida/bc319061beebc713097f30b6d4237aa7d60fceae279af1b4b4b7c7cb1923257f.png,394085,0.5,8
/home/jerre/git/Stable_Diffusion_IC/images/Unpleasant (-3)/Unpleasant____landscape_S235711114_St25_G7.5.62.png,unpleasant_n_2,235711114,unpleasant_n,477801,../images/Comprimida/f82b437479ab860a647bcd70214cf37e51f062e61426d39d8eab758f9f3e945f.png,458086,0.58,8
/home/jerre/git/Stable_Diffusion_IC/images/Unpleasant (-3)/Unpleasant____landscape_S235711117_St25_G7.5.65.png,unpleasant_n_5,235711117,unpleasant_n,395163,../images/Comprimida/a738e9df89e2618d8d117dae8146047d88ad32c76368bd007b7df89445671e83.png,375383,0.48,8
/home/jerre/git/Stable_Diffusion_IC/images/Unpleasant (-3)/Unpleasant____landscape_S235711128_St25_G7.5.76.png,unpleasant_n_16,235711128,unpleasant_n,514737,../images/Comprimida/7c02fd9cc4daed2906c67d0b95bdb7f4693cabe681ef3ada69260015d0b43e3e.png,498083,0.63,5
/home/jerre/git/Stable_Diffusion_IC/images/Unpleasant (-3)/Unpleasant____landscape_S235711132_St25_G7.5.80.png,unpleasant_n_20,235711132,unpleasant_n,550367,../images/Comprimida/8fda37ea6a7ec66b222f356fa20f74cda56706b543c87ea562f71d680a4479f8.png,533973,0.68,8
/home/jerre/git/Stable_Diffusion_IC/images/Unpleasant (-3)/Unpleasant____landscape_S235711129_St25_G7.5.77.png,unpleasant_n_17,235711129,unpleasant_n,426933,../images/Comprimida/cb86817c849cc68f67086752284e71168df52b6b437dd7b2fac555efdda027d9.png,410786,0.52,8
/home/jerre/git/Stable_Diffusion_IC/images/Unpleasant (-3)/Unpleasant____landscape_S235711115_St25_G7.5.63.png,unpleasant_n_3,235711115,unpleasant_n,490945,../images/Comprimida/258ce181b7712f1338b84ef5a75e18b955ca6e4ac8b6b61b98e69f4475afde4c.png,472869,0.6,8
/home/jerre/git/Stable_Diffusion_IC/images/Unpleasant (-3)/Unpleasant____landscape_S235711138_St25_G7.5.86.png,unpleasant_n_26,235711138,unpleasant_n,438001,../images/Comprimida/0b784d4c93b451ad509c58b01c779b365a56fb9f5f1c9553d82dfec08d48837b.png,420816,0.54,8
/home/jerre/git/Stable_Diffusion_IC/images/Unpleasant (-3)/Unpleasant____landscape_S235711118_St25_G7.5.66.png,unpleasant_n_6,235711118,unpleasant_n,445103,../images/Comprimida/81fa17d48b99bc16b2a2f298abfc0c1db9716f67bc91785e3f815a4ada2ff340.png,425513,0.54,-2
/home/jerre/git/Stable_Diffusion_IC/images/Unpleasant (-3)/Unpleasant____landscape_S235711113_St25_G7.5.61.png,unpleasant_n_1,235711113,unpleasant_n,543542,../images/Comprimida/3bb6df30887c5b62d58a96ac7ec278613bb0075e4367f2f364ed7d1b324df3c1.png,526527,0.67,8
/home/jerre/git/Stable_Diffusion_IC/images/Unpleasant (-3)/Unpleasant____landscape_S235711122_St25_G7.5.70.png,unpleasant_n_10,235711122,unpleasant_n,457800,../images/Comprimida/094178561843b13943ad9b6ba7c70a34ac782bf7fac4ba52c23b6d8b86d0fe96.png,445693,0.57,5
/home/jerre/git/Stable_Diffusion_IC/images/Unpleasant (-3)/Unpleasant____landscape_S235711120_St25_G7.5.68.png,unpleasant_n_8,235711120,unpleasant_n,452272,../images/Comprimida/b16a159498206aa31cedec0c23faae674d54003e19ad850e3aac5579f4ebac20.png,432805,0.55,7
